geo_point_2d,geo_shape,objectid_1,objectid,ambulancer,city,county,crashalcoh,crashday,crash_date,crash_grp,crash_hour,crash_loc,crash_mont,crash_time,crash_type,crash_ty_1,crash_year,crsh_sevri,developmen,drvrage_gr,drvr_age,drvr_alc_d,drvr_estsp,drvr_injur,drvr_race,drvr_sex,drvr_vehty,excsspdind,hit_run,latitude,light_cond,locality,longitude,num_lanes,num_units,pedage_grp,ped_age,ped_alc_dr,ped_injury,ped_pos,ped_race,ped_sex,rd_charact,rd_class,rd_conditi,rd_config,rd_defects,rd_feature,rd_surface,region,rural_urba,speed_limi,traff_cntr,weather,workzone_i,crash_id,crash_grp0,crsh_typex,drvr_unitn,on_rd,ped_unitno,crash_sevr,severity
35.9446751018; -79.0017427273,"{""type"": ""Point"", ""coordinates"": [-79.00174272732707, 35.94467510180428]}",9294,1957,Yes,None - Rural Crash,Orange,No,Thursday,16DEC2010,Crossing Roadway - Vehicle Not Turning,17,Intersection-Related,December,17:17,Pedestrian Failed to Yield,43760,2010,A: Disabling Injury,Residential,25-29,25,No,31-35 mph,O: No Injury,Black,Female,Passenger Car,No,No,36,Dark - Roadway Not Lighted,Urban (>70% Developed),-79,3 lanes,2,41-50,47,No,A: Disabling Injury,Travel Lane,White,Female,Straight - Grade,Local Street,Wet,"Two-Way, Not Divided",None,No Special Feature,Smooth Asphalt,Piedmont,Rural,30 - 35  MPH,No Control Present,Rain,No,,,,,,,,
35.9950371146; -78.9470027137,"{""type"": ""Point"", ""coordinates"": [-78.9470027136718, 35.99503711464651]}",10508,627,Yes,Durham,Durham,No,Tuesday,19APR2011,Crossing Roadway - Vehicle Turning,16,Intersection,April,16:43,Motorist Right Turn - Parallel Paths,12791,2011,C: Possible Injury,Institutional,40-49,49,No,0-5 mph,O: No Injury,Asian,Male,Passenger Car,No,No,36,Daylight,Urban (>70% Developed),-79,4 lanes,2,21-25,25,No,C: Possible Injury,Crosswalk Area,White,Female,Straight - Level,Local Street,Dry,"Two-Way, Not Divided",None,No Special Feature,Smooth Asphalt,Piedmont,Urban,30 - 35  MPH,Stop And Go Signal,Clear,No,,,,,,,,
36.007417117; -78.9534027162,"{""type"": ""Point"", ""coordinates"": [-78.95340271618147, 36.00741711695813]}",11031,1150,Yes,Durham,Durham,Yes,Sunday,24JUL2011,Off Roadway,1,Non-Roadway,July,1:44,Off Roadway - Parking Lot,38830,2011,C: Possible Injury,Residential,30-39,38,No,0-5 mph,O: No Injury,Black,Male,Passenger Car,No,No,36,Dark - Roadway Not Lighted,Urban (>70% Developed),-79,Unknown,2,26-30,28,Yes,C: Possible Injury,Non-Roadway - Parking Lot / Other,White,Female,Straight - Grade,Public Vehicular Area,Dry,"One-Way, Not Divided","Rut, Holes, Bumps",No Special Feature,Concrete,Piedmont,Urban,5 - 15 MPH,No Control Present,Clear,No,,,,,,,,
35.9350800002; -79.0294999998,"{""type"": ""Point"", ""coordinates"": [-79.0294999997595, 35.935080000242266]}",14325,,Yes,Chapel Hill,Orange,No,Tuesday,24SEP2013,Crossing Roadway - Vehicle Turning,17,Intersection,September,17:38,Motorist Left Turn - Parallel Paths,,2013,C: Possible Injury,Residential,60-69,64,No,6-10 mph,O: No Injury,White,Female,Passenger Car,No,No,36,Daylight,Urban (>70% Developed),-79,7 lanes,2,51-60,55,No,C: Possible Injury,Crosswalk Area,Black,Female,Straight - Grade,Local Street,Dry,"Two-Way, Not Divided",None,Four-Way Intersection,Smooth Asphalt,Piedmont,Urban,30 - 35  MPH,Stop And Go Signal,Clear,No,103882618,790,12781,1,E FRANKLIN ST,2,,
36.0097771177; -78.9492027157,"{""type"": ""Point"", ""coordinates"": [-78.94920271567628, 36.00977711773878]}",15080,75,Yes,Durham,Durham,No,Thursday,19JAN2012,Multiple Threat / Trapped,14,Non-Intersection,January,14:58,Multiple Threat,,2012,,Commercial,20-24,24,No,16-20 mph,O: No Injury,Black,Female,Passenger Car,No,No,36,Daylight,Urban (>70% Developed),-79,2 lanes,2,16-20,20,No,C: Possible Injury,Travel Lane,Black,Female,Straight - Hillcrest,Local Street,Dry,"Two-Way, Not Divided",None,No Special Feature,Smooth Asphalt,Piedmont,Urban,30 - 35  MPH,No Control Present,Clear,No,,,23710,2,,1,C: Possible Injury,C: Possible Injury
35.9303770978; -79.0258027338,"{""type"": ""Point"", ""coordinates"": [-79.02580273382412, 35.930377097836875]}",15205,200,Yes,Chapel Hill,Orange,No,Thursday,19JAN2012,Working or Playing in Roadway,14,Non-Intersection,January,14:21,Working in Roadway,,2012,,Commercial,60-69,61,No,Unknown,O: No Injury,White,Male,Unknown,No,Yes,36,Daylight,Urban (>70% Developed),-79,5 lanes,2,31-40,39,No,B: Evident Injury,Travel Lane,White,Male,Straight - Grade,Local Street,Dry,"Two-Way, Divided, Unprotected Median",None,Other,Coarse Asphalt,Piedmont,Urban,30 - 35  MPH,Human Control,Clear,Yes,,,23311,1,,2,B: Evident Injury,B: Evident Injury
35.9032070898; -79.0812027489,"{""type"": ""Point"", ""coordinates"": [-79.0812027488697, 35.903207089819745]}",16504,1499,No,Carrboro,Orange,Yes,Saturday,21JUL2012,Crossing Roadway - Vehicle Not Turning,22,Non-Intersection,July,22:23,Pedestrian Failed to Yield,,2012,,Commercial,20-24,20,No,31-35 mph,O: No Injury,White,Female,Sport Utility,No,No,36,Dark - Roadway Not Lighted,Urban (>70% Developed),-79,5 lanes,3,51-60,53,Yes,K: Killed,Travel Lane,White,Male,Straight - Grade,NC Route,Wet,"Two-Way, Divided, Unprotected Median",None,No Special Feature,Smooth Asphalt,Piedmont,Urban,40 - 45  MPH,No Control Present,Rain,No,,,23760,1,,3,K: Killed,K: Killed
35.8515570812; -79.0264027299,"{""type"": ""Point"", ""coordinates"": [-79.02640272987107, 35.85155708122855]}",4233,1686,Yes,None - Rural Crash,Chatham,Yes,Thursday,31JAN2008,Walking Along Roadway,0,Intersection-Related,January,0:05,Walking Along Roadway With Traffic - From Behind,43410,2008,K: Killed,Residential,25-29,28,No,51-55 mph,O: No Injury,Hispanic,Male,Passenger Car,Yes,No,36,Dark - Roadway Not Lighted,Rural (<30% Developed),-79,2 lanes,2,26-30,30,Yes,K: Killed,Travel Lane,Black,Male,Straight - Level,State Secondary Route,Dry,"Two-Way, Not Divided",None,Four-Way Intersection,Coarse Asphalt,Piedmont,Rural,40 - 45  MPH,"Double Yellow Line, No Passing Zone",Clear,No,,,,,,,,
35.9595671056; -78.9774027211,"{""type"": ""Point"", ""coordinates"": [-78.97740272109107, 35.959567105575054]}",4390,1843,Yes,Durham,Durham,No,Friday,30MAY2008,Off Roadway,22,Non-Roadway,May,22:27,Off Roadway - Parking Lot,38830,2008,C: Possible Injury,Residential,50-59,53,No,6-10 mph,Unknown Injury,Hispanic,Male,Sport Utility,No,No,36,Dark - Lighted Roadway,Urban (>70% Developed),-79,Unknown,2,0-5,1,No,C: Possible Injury,Non-Roadway - Parking Lot / Other,Hispanic,Female,Straight - Level,Public Vehicular Area,Dry,"Two-Way, Not Divided",None,No Special Feature,Coarse Asphalt,Piedmont,Urban,5 - 15 MPH,No Control Present,Clear,No,,,,,,,,
36.0015271162; -78.9472027142,"{""type"": ""Point"", ""coordinates"": [-78.94720271421238, 36.00152711616027]}",17898,2893,Yes,Durham,Durham,No,Thursday,20DEC2012,Working or Playing in Roadway,18,Intersection,December,18:23,Working in Roadway,,2012,,Institutional,70+,70+,No,0-5 mph,O: No Injury,White,Female,Passenger Car,No,No,36,Daylight,Urban (>70% Developed),-79,9 or more lanes,2,41-50,43,No,B: Evident Injury,Intersection Proper,Black,Male,Straight - Hillcrest,Local Street,Wet,"Two-Way, Not Divided",None,Four-Way Intersection,Smooth Asphalt,Piedmont,Urban,20 - 25  MPH,Stop Sign,Rain,No,,,11311,1,,2,B: Evident Injury,B: Evident Injury
35.908767093; -79.0500027403,"{""type"": ""Point"", ""coordinates"": [-79.05000274027454, 35.90876709297097]}",1975,1975,Yes,Chapel Hill,Orange,No,Friday,17AUG2007,Crossing Roadway - Vehicle Turning,15,Intersection,August,15:39,Motorist Left Turn - Parallel Paths,1781,2007,B: Evident Injury,Institutional,25-29,28,No,0-5 mph,O: No Injury,Black,Female,Passenger Car,No,No,36,Daylight,Urban (>70% Developed),-79,2 lanes,2,21-25,24,No,B: Evident Injury,Crosswalk Area,White,Female,Straight - Level,Local Street,Dry,"Two-Way, Not Divided",None,No Special Feature,Coarse Asphalt,Piedmont,Urban,20 - 25  MPH,Flashing Stop And Go Signal,Clear,No,,,,,,,,
36.0173571194; -78.9428027134,"{""type"": ""Point"", ""coordinates"": [-78.94280271343236, 36.01735711938257]}",4510,1963,Yes,Durham,Durham,No,Friday,12SEP2008,Backing Vehicle,11,Non-Roadway,September,11:28,Backing Vehicle - Parking Lot,38214,2008,B: Evident Injury,Commercial,Unknown,Unknown,Missing,0-5 mph,Unknown Injury,Unknown/Missing,Unknown,Sport Utility,No,Yes,36,Daylight,Urban (>70% Developed),-79,1 lane,2,71+,70+,No,B: Evident Injury,Non-Roadway - Parking Lot / Other,White,Male,Straight - Level,Public Vehicular Area,Dry,"One-Way, Not Divided",None,No Special Feature,Smooth Asphalt,Piedmont,Urban,5 - 15 MPH,No Control Present,Clear,No,,,,,,,,
35.9176170936; -79.0749027485,"{""type"": ""Point"", ""coordinates"": [-79.0749027484592, 35.91761709358738]}",2001,2001,Yes,Carrboro,Orange,No,Sunday,06MAY2007,Crossing Roadway - Vehicle Turning,13,Intersection,May,13:50,Motorist Left Turn - Parallel Paths,1781,2007,C: Possible Injury,Residential,20-24,24,No,11-15 mph,O: No Injury,White,Male,Passenger Car,No,No,36,Daylight,Rural (<30% Developed),-79,2 lanes,2,21-25,25,No,C: Possible Injury,Crosswalk Area,Asian,Female,Straight - Level,Local Street,Dry,"Two-Way, Not Divided",None,T-Intersection,Smooth Asphalt,Piedmont,Urban,30 - 35  MPH,Stop And Go Signal,Clear,No,,,,,,,,
35.9198970983; -78.9600027136,"{""type"": ""Point"", ""coordinates"": [-78.96000271361095, 35.91989709829479]}",4328,1781,Yes,Durham,Durham,No,Friday,14MAR2008,Dash / Dart-Out,14,Non-Intersection,March,14:58,Dash,23741,2008,B: Evident Injury,Commercial,50-59,51,No,21-25 mph,O: No Injury,White,Male,Passenger Car,No,No,36,Daylight,Urban (>70% Developed),-79,4 lanes,3,11-15,14,No,B: Evident Injury,Travel Lane,White,Male,Straight - Grade,Local Street,Dry,"Two-Way, Not Divided",None,Four-Way Intersection,Coarse Asphalt,Piedmont,Urban,30 - 35  MPH,Stop And Go Signal,Clear,Yes,,,,,,,,
35.9099670923; -79.055302742,"{""type"": ""Point"", ""coordinates"": [-79.0553027419725, 35.90996709233638]}",6702,1783,No,Chapel Hill,Orange,No,Monday,26JAN2009,Crossing Roadway - Vehicle Turning,14,Non-Intersection,January,14:09,Motorist Left Turn - Parallel Paths,25781,2009,B: Evident Injury,Institutional,Unknown,Unknown,No,6-10 mph,Unknown Injury,Unknown/Missing,Unknown,Unknown,No,Yes,36,Daylight,Urban (>70% Developed),-79,2 lanes,2,31-40,35,No,B: Evident Injury,Sidewalk / Shared Use Path / Driveway Crossing,White,Male,Straight - Grade,Local Street,Dry,"One-Way, Not Divided",None,No Special Feature,Smooth Asphalt,Piedmont,Urban,20 - 25  MPH,No Control Present,Clear,No,,,,,,,,
35.9441271012; -79.0075027289,"{""type"": ""Point"", ""coordinates"": [-79.00750272891351, 35.944127101215905]}",6765,1846,Yes,Chapel Hill,Orange,No,Tuesday,10FEB2009,Crossing Roadway - Vehicle Turning,21,Intersection-Related,February,21:43,Motorist Left Turn - Parallel Paths,43781,2009,C: Possible Injury,Residential,25-29,25,No,26-30 mph,O: No Injury,White,Male,Passenger Car,No,No,36,Dark - Roadway Not Lighted,Urban (>70% Developed),-79,2 lanes,2,31-40,35,No,C: Possible Injury,Travel Lane,Asian,Male,Straight - Level,Local Street,Dry,"Two-Way, Not Divided",None,T-Intersection,Coarse Asphalt,Piedmont,Urban,30 - 35  MPH,No Control Present,Clear,No,,,,,,,,
36.0150071189; -78.9472027147,"{""type"": ""Point"", ""coordinates"": [-78.94720271473042, 36.015007118880014]}",6897,1978,Yes,Durham,Durham,Yes,Friday,06NOV2009,Crossing Roadway - Vehicle Not Turning,17,Non-Intersection,November,17:48,Pedestrian Failed to Yield,23760,2009,B: Evident Injury,Residential,60-69,65,No,21-25 mph,O: No Injury,White,Female,Passenger Car,No,No,36,Dark - Lighted Roadway,Mixed (30% To 70% Developed),-79,2 lanes,2,41-50,43,Yes,B: Evident Injury,Travel Lane,Hispanic,Male,Straight - Hillcrest,Local Street,Dry,"Two-Way, Not Divided",None,No Special Feature,Coarse Asphalt,Piedmont,Urban,30 - 35  MPH,No Control Present,Clear,No,,,,,,,,
36.009113118; -78.9443827141,"{""type"": ""Point"", ""coordinates"": [-78.94438271411451, 36.00911311795554]}",9416,2079,No,Durham,Durham,No,Thursday,04NOV2010,Backing Vehicle,18,Non-Roadway,November,18:30,Backing Vehicle - Parking Lot,38214,2010,C: Possible Injury,Commercial,25-29,27,No,Unknown,Unknown Injury,White,Male,Sport Utility,No,No,36,Unknown,Urban (>70% Developed),-79,Unknown,2,26-30,26,No,C: Possible Injury,Non-Roadway - Parking Lot / Other,White,Male,Straight - Grade,Public Vehicular Area,Unknown,"One-Way, Not Divided",None,No Special Feature,Coarse Asphalt,Piedmont,Urban,5 - 15 MPH,No Control Present,Rain,No,,,,,,,,
35.8938699996; -79.0770999998,"{""type"": ""Point"", ""coordinates"": [-79.07709999981351, 35.893869999609386]}",14965,,Yes,Carrboro,Orange,No,Friday,20DEC2013,Crossing Roadway - Vehicle Turning,13,Intersection,December,13:39,Motorist Left Turn - Parallel Paths,,2013,B: Evident Injury,Residential,50-59,50,No,6-10 mph,O: No Injury,White,Male,Passenger Car,No,No,36,Daylight,Urban (>70% Developed),-79,3 lanes,2,26-30,29,No,B: Evident Injury,Crosswalk Area,White,Female,Straight - Grade,Local Street,Dry,"Two-Way, Not Divided",None,Related To Intersection,Smooth Asphalt,Piedmont,Urban,30 - 35  MPH,Stop And Go Signal,Cloudy,Yes,103975152,790,12781,1,CULBRETH RD,2,,
35.9036370913; -79.0463027384,"{""type"": ""Point"", ""coordinates"": [-79.04630273842707, 35.903637091342404]}",11457,1576,Yes,Chapel Hill,Orange,No,Wednesday,07SEP2011,Crossing Roadway - Vehicle Turning,9,Intersection,September,9:24,Motorist Left Turn - Parallel Paths,12781,2011,B: Evident Injury,Institutional,25-29,25,No,0-5 mph,O: No Injury,Asian,Female,Passenger Car,No,No,36,Daylight,Urban (>70% Developed),-79,5 lanes,2,21-25,21,No,B: Evident Injury,Crosswalk Area,White,Female,Straight - Level,Local Street,Dry,"Two-Way, Not Divided",None,Related To Intersection,Coarse Asphalt,Piedmont,Urban,20 - 25  MPH,Stop And Go Signal,Clear,No,,,,,,,,
35.9040200001; -79.0499999995,"{""type"": ""Point"", ""coordinates"": [-79.04999999946384, 35.904020000115366]}",14091,,Yes,Chapel Hill,Orange,No,Thursday,29AUG2013,Crossing Roadway - Vehicle Not Turning,7,Non-Intersection,August,7:36,Motorist Failed to Yield,,2013,B: Evident Injury,Commercial,60-69,60,No,0-5 mph,O: No Injury,Black,Male,Passenger Car,No,No,36,Daylight,Urban (>70% Developed),-79,1 lane,2,61-79,65,No,B: Evident Injury,Paved Shoulder / Bike Lane / Parking Lane,Black,Female,Straight - Level,Local Street,Dry,Unknown,None,No Special Feature,Coarse Asphalt,Piedmont,Urban,5 - 15 MPH,No Control Present,Clear,No,103860644,750,24770,1,HOSPITAL DR,2,,
35.9672871085; -78.9569027152,"{""type"": ""Point"", ""coordinates"": [-78.95690271523675, 35.96728710851533]}",16938,1933,Yes,Durham,Durham,No,Tuesday,18SEP2012,Off Roadway,12,Non-Roadway,September,12:56,Off Roadway - Parking Lot,,2012,,Commercial,70+,70+,No,0-5 mph,O: No Injury,White,Female,Sport Utility,No,No,36,Daylight,Urban (>70% Developed),-79,2 lanes,2,41-50,41,No,C: Possible Injury,Non-Roadway - Parking Lot / Other,Black,Male,Straight - Level,Public Vehicular Area,Wet,"Two-Way, Not Divided",None,No Special Feature,Smooth Asphalt,Piedmont,Urban,5 - 15 MPH,No Control Present,Cloudy,No,,,38830,2,,1,C: Possible Injury,C: Possible Injury
35.9608271074; -78.9553027149,"{""type"": ""Point"", ""coordinates"": [-78.95530271494695, 35.960827107444686]}",2079,2079,Yes,Durham,Durham,No,Monday,15OCT2007,Crossing Roadway - Vehicle Turning,8,Intersection,October,8:58,Motorist Left Turn - Parallel Paths,1781,2007,A: Disabling Injury,Commercial,30-39,31,No,26-30 mph,O: No Injury,Hispanic,Male,Passenger Car,No,No,36,Daylight,Urban (>70% Developed),-79,6 lanes,2,61-79,64,No,A: Disabling Injury,Crosswalk Area,Black,Male,Straight - Level,Local Street,Dry,"Two-Way, Not Divided",None,Four-Way Intersection,Smooth Asphalt,Piedmont,Urban,30 - 35  MPH,Stop And Go Signal,Clear,No,,,,,,,,
35.9640071037; -79.0563027449,"{""type"": ""Point"", ""coordinates"": [-79.05630274485125, 35.96400710368035]}",4404,1857,No,Chapel Hill,Orange,No,Saturday,17MAY2008,Crossing Roadway - Vehicle Not Turning,20,Non-Intersection,May,20:48,Pedestrian Failed to Yield,23760,2008,K: Killed,Commercial,0-19,19,No,31-35 mph,O: No Injury,White,Male,Pickup,No,No,36,Dark - Roadway Not Lighted,Urban (>70% Developed),-79,3 lanes,2,31-40,39,No,K: Killed,Travel Lane,White,Female,Straight - Level,Local Street,Dry,"Two-Way, Not Divided",None,T-Intersection,Smooth Asphalt,Piedmont,Urban,30 - 35  MPH,No Control Present,Clear,No,,,,,,,,
35.8949470892; -79.05020274,"{""type"": ""Point"", ""coordinates"": [-79.05020274002727, 35.89494708919937]}",1942,1942,Yes,Chapel Hill,Orange,No,Thursday,27DEC2007,Crossing Roadway - Vehicle Not Turning,19,Intersection-Related,December,19:01,Pedestrian Failed to Yield,4760,2007,A: Disabling Injury,Residential,20-24,23,No,41-45 mph,O: No Injury,Black,Female,Passenger Car,No,No,36,Dark - Roadway Not Lighted,Mixed (30% To 70% Developed),-79,4 lanes,2,71+,70+,No,A: Disabling Injury,Travel Lane,White,Male,Straight - Grade,US Route,Dry,"Two-Way, Divided, Unprotected Median",None,Related To Intersection,Smooth Asphalt,Piedmont,Urban,40 - 45  MPH,No Control Present,Clear,No,,,,,,,,
35.9141470939; -79.0563027428,"{""type"": ""Point"", ""coordinates"": [-79.0563027427716, 35.91414709387551]}",1995,1995,Yes,Chapel Hill,Orange,No,Friday,16NOV2007,Crossing Roadway - Vehicle Turning,17,Intersection,November,17:21,Motorist Left Turn - Parallel Paths,1781,2007,C: Possible Injury,Commercial,50-59,52,No,11-15 mph,O: No Injury,White,Female,"EMS Vehicle, Ambulance, Rescue Squad",No,No,36,Dawn,Urban (>70% Developed),-79,2 lanes,2,21-25,21,No,C: Possible Injury,Crosswalk Area,White,Female,Straight - Hillcrest,Local Street,Dry,"Two-Way, Not Divided",None,Four-Way Intersection,Smooth Asphalt,Piedmont,Urban,20 - 25  MPH,Stop And Go Signal,Clear,No,,,,,,,,
35.9330370983; -79.0314027361,"{""type"": ""Point"", ""coordinates"": [-79.03140273610242, 35.93303709828049]}",6745,1826,Yes,Chapel Hill,Orange,Yes,Thursday,26MAR2009,Crossing Roadway - Vehicle Turning,12,Non-Intersection,March,12:15,Motorist Left Turn - Parallel Paths,23781,2009,B: Evident Injury,Residential,40-49,49,Yes,11-15 mph,O: No Injury,White,Male,Unknown,No,Yes,36,Daylight,Urban (>70% Developed),-79,5 lanes,2,61-79,68,No,B: Evident Injury,Travel Lane,White,Male,Straight - Level,Local Street,Wet,"Two-Way, Not Divided",None,"Driveway, Public",Smooth Asphalt,Piedmont,Urban,30 - 35  MPH,No Control Present,Rain,No,,,,,,,,
36.0087471176; -78.943802714,"{""type"": ""Point"", ""coordinates"": [-78.94380271400917, 36.008747117600336]}",6893,1974,No,Durham,Durham,No,Monday,27APR2009,Working or Playing in Roadway,16,Non-Intersection,April,16:31,Working in Roadway,23311,2009,B: Evident Injury,Commercial,30-39,34,No,0-5 mph,O: No Injury,Hispanic,Male,Pickup,No,No,36,Daylight,Urban (>70% Developed),-79,6 lanes,2,31-40,40,No,B: Evident Injury,Travel Lane,Hispanic,Male,Straight - Level,Local Street,Dry,"Two-Way, Not Divided",Work Zone,No Special Feature,Coarse Asphalt,Piedmont,Urban,30 - 35  MPH,No Control Present,Clear,Yes,,,,,,,,
35.9127370929; -79.0565027427,"{""type"": ""Point"", ""coordinates"": [-79.05650274270874, 35.912737092932666]}",11395,1514,Yes,Chapel Hill,Orange,No,Friday,16SEP2011,Crossing Driveway or Alley,10,Non-Intersection,September,10:40,Motorist Entering Driveway or Alley,25460,2011,C: Possible Injury,Commercial,70+,70+,No,0-5 mph,O: No Injury,White,Male,Passenger Car,No,No,36,Daylight,Urban (>70% Developed),-79,Unknown,2,26-30,28,No,C: Possible Injury,Sidewalk / Shared Use Path / Driveway Crossing,Black,Female,Straight - Grade,"Private Road, Driveway",Dry,"Two-Way, Not Divided",None,No Special Feature,Concrete,Piedmont,Urban,5 - 15 MPH,No Control Present,Cloudy,No,,,,,,,,
35.9131999997; -79.0557999998,"{""type"": ""Point"", ""coordinates"": [-79.05579999981666, 35.913199999715104]}",12626,,No,Chapel Hill,Orange,No,Thursday,07FEB2013,Crossing Roadway - Vehicle Not Turning,21,Non-Intersection,February,21:08,Motorist Failed to Yield,,2013,B: Evident Injury,Institutional,50-59,50,No,16-20 mph,O: No Injury,White,Female,Van,No,No,36,Dark - Lighted Roadway,Urban (>70% Developed),-79,2 lanes,2,16-20,19,No,B: Evident Injury,Crosswalk Area,White,Male,Straight - Level,Local Street,Wet,"Two-Way, Not Divided",None,No Special Feature,Smooth Asphalt,Piedmont,Urban,20 - 25  MPH,Other,Rain,No,103693785,750,22770,2,E CAMERON AVE,1,,
36.0128671181; -78.9468027144,"{""type"": ""Point"", ""coordinates"": [-78.94680271436599, 36.012867118050835]}",15809,804,Yes,Durham,Durham,No,Sunday,22APR2012,Off Roadway,15,Non-Roadway,April,15:20,Off Roadway - Other / Unknown,,2012,,Residential,Unknown,Unknown,Missing,11-15 mph,Unknown Injury,Unknown/Missing,Unknown,Pickup,No,Yes,36,Daylight,Urban (>70% Developed),-79,2 lanes,2,16-20,20,No,C: Possible Injury,Driveway / Alley,Black,Female,Straight - Level,Public Vehicular Area,Wet,"Two-Way, Not Divided",None,No Special Feature,Smooth Asphalt,Piedmont,Urban,5 - 15 MPH,Stop Sign,Rain,No,,,37890,2,,1,C: Possible Injury,C: Possible Injury
35.9443670995; -79.0580027449,"{""type"": ""Point"", ""coordinates"": [-79.05800274493775, 35.944367099531476]}",16290,1285,Yes,Chapel Hill,Orange,No,Friday,08JUN2012,Crossing Roadway - Vehicle Not Turning,19,Non-Intersection,June,19:16,Pedestrian Failed to Yield,,2012,,Residential,25-29,26,No,31-35 mph,O: No Injury,Asian,Male,Passenger Car,No,No,36,Dusk,Urban (>70% Developed),-79,5 lanes,2,31-40,34,No,B: Evident Injury,Travel Lane,Black,Female,Straight - Grade,Local Street,Dry,"Two-Way, Not Divided",None,No Special Feature,Smooth Asphalt,Piedmont,Urban,30 - 35  MPH,Stop And Go Signal,Clear,No,,,23760,1,,2,B: Evident Injury,B: Evident Injury
35.9128270931; -79.0596027431,"{""type"": ""Point"", ""coordinates"": [-79.05960274306315, 35.9128270931045]}",17030,2025,No,Chapel Hill,Orange,Yes,Thursday,20SEP2012,Dash / Dart-Out,4,Non-Intersection,September,4:07,Dash,,2012,,Commercial,30-39,31,Yes,0-5 mph,O: No Injury,White,Male,Sport Utility,No,No,36,Dark - Lighted Roadway,Urban (>70% Developed),-79,2 lanes,2,26-30,27,Yes,C: Possible Injury,Travel Lane,White,Male,Straight - Level,Local Street,Dry,"Two-Way, Not Divided",None,No Special Feature,Smooth Asphalt,Piedmont,Urban,20 - 25  MPH,No Control Present,Clear,No,,,23741,1,,2,C: Possible Injury,C: Possible Injury
35.9030770945; -78.955702712,"{""type"": ""Point"", ""coordinates"": [-78.95570271197548, 35.90307709454629]}",1956,1956,No,Durham,Durham,No,Sunday,25MAR2007,Off Roadway,15,Non-Roadway,March,15:53,Off Roadway - Parking Lot,3830,2007,B: Evident Injury,Commercial,30-39,35,No,11-15 mph,O: No Injury,White,Female,Passenger Car,No,No,36,Daylight,Urban (>70% Developed),-79,2 lanes,2,41-50,42,No,B: Evident Injury,Non-Roadway - Parking Lot / Other,White,Female,Straight - Level,Public Vehicular Area,Dry,"Two-Way, Not Divided",None,No Special Feature,Smooth Asphalt,Piedmont,Urban,Unknown,No Control Present,Clear,No,,,,,,,,
35.909037093; -79.0490027403,"{""type"": ""Point"", ""coordinates"": [-79.04900274032626, 35.90903709295071]}",6700,1781,Yes,Chapel Hill,Orange,No,Thursday,23APR2009,Crossing Roadway - Vehicle Not Turning,13,Non-Intersection,April,13:12,Motorist Failed to Yield,22770,2009,B: Evident Injury,Institutional,60-69,68,No,26-30 mph,O: No Injury,White,Male,Passenger Car,No,No,36,Daylight,Mixed (30% To 70% Developed),-79,2 lanes,2,16-20,18,No,B: Evident Injury,Crosswalk Area,White,Female,Straight - Grade,Local Street,Dry,"Two-Way, Divided, Positive Median Barrier",None,No Special Feature,Smooth Asphalt,Piedmont,Urban,20 - 25  MPH,No Control Present,Clear,No,,,,,,,,
35.903557092; -79.0444027382,"{""type"": ""Point"", ""coordinates"": [-79.04440273819097, 35.90355709202077]}",4295,1748,Yes,Chapel Hill,Orange,No,Friday,01FEB2008,Crossing Roadway - Vehicle Turning,20,Intersection,February,20:15,Motorist Left Turn - Parallel Paths,12781,2008,A: Disabling Injury,Institutional,40-49,42,No,Unknown,A: Disabling Injury,Black,Male,Commercial Bus,No,No,36,Dark - Lighted Roadway,Mixed (30% To 70% Developed),-79,3 lanes,2,Unknown,Unknown,No,A: Disabling Injury,Crosswalk Area,Asian,Female,Straight - Hillcrest,Local Street,Dry,"Two-Way, Divided, Unprotected Median",Other,Four-Way Intersection,Concrete,Piedmont,Urban,20 - 25  MPH,Stop And Go Signal,Clear,No,,,,,,,,